	epoch	accuracy	loss	lr	roc_auc	val_accuracy	val_loss	val_roc_auc	architecture	data_augmentation	layers	local_pooling	global_pooling	target_class	model_id
6	6	0.5170957446098328	0.7029635906219482	0.001	0.5402902960777283	0.7077205777168274	0.6361860036849976	0.7320062518119812	CNN	False	5	avg	avg	XR_HAND	CNN_da_0_ts_224_224_t_0_s_1_bs_16_cl_5_lp_avg_gp_avg_sd_05_fcd_05_XR_HAND
5	5	0.6178205013275146	0.6546502709388733	0.001	0.6741855144500732	0.6068548560142517	0.643915057182312	0.6850631833076477	CNN	False	5	avg	avg	XR_FINGER	CNN_da_0_ts_224_224_t_0_s_1_bs_16_cl_5_lp_avg_gp_avg_sd_05_fcd_05_XR_FINGER
9	9	0.6150850057601929	0.6560209393501282	0.001	0.6614769101142883	0.625815212726593	0.6550047397613525	0.6698915362358093	CNN	False	5	avg	avg	all_classes	CNN_da_0_ts_224_224_t_0_s_1_bs_8_cl_5_kg_funnel_in_fg_constant_lp_avg_gp_avg_sd_05_fcd_05_all_classes
3	3	0.5388776063919067	0.7690970301628113	0.001	0.5510775446891785	0.6214575171470642	0.6731159687042236	0.6684280633926392	CNN	False	7	max	max	XR_ELBOW	CNN_da_0_ts_224_224_t_0_s_1_bs_16_cl_7_lp_max_gp_max_sd_05_fcd_05_XR_ELBOW
2	2	0.5894977450370789	0.6876169443130493	0.001	0.6227636337280273	0.5829917788505554	0.6764806509017944	0.6320345997810364	CNN	False	5	avg	avg	XR_WRIST	CNN_da_0_ts_224_224_t_0_s_1_bs_16_cl_5_lp_avg_gp_avg_sd_05_fcd_05_XR_WRIST
5	5	0.5657734274864197	0.8370617032051086	0.001	0.5806477069854736	0.6612021923065186	0.6836475729942322	0.6546328067779541	CNN	False	7	max	max	XR_FOREARM	CNN_da_0_ts_224_224_t_0_s_1_bs_16_cl_7_lp_max_gp_max_sd_05_fcd_05_XR_FOREARM
8	8	0.5128239393234253	0.7012660503387451	0.001	0.519577145576477	0.5288461446762085	0.7004755735397339	0.5231717228889465	CNN	False	5	avg	avg	XR_SHOULDER	CNN_da_0_ts_224_224_t_0_s_1_bs_16_cl_5_lp_avg_gp_avg_sd_05_fcd_05_XR_SHOULDER
6	6	0.5478723645210266	0.7313581109046936	0.001	0.5620912909507751	0.5625	0.7136057615280151	0.585601806640625	CNN	False	5	avg	avg	XR_HUMERUS	CNN_da_0_ts_224_224_t_0_s_1_bs_16_cl_5_lp_avg_gp_avg_sd_05_fcd_05_XR_HUMERUS
