	epoch	accuracy	loss	lr	roc_auc	val_accuracy	val_loss	val_roc_auc	architecture	data_augmentation	layers	local_pooling	global_pooling	target_class	model_id
6	6	0.5170957446098328	0.7029635906219482	0.001	0.5402902960777283	0.7077205777168274	0.6361860036849976	0.7320062518119812	CNN	False	5	avg	avg	XR_HAND	CNN_da_0_ts_224_224_t_0_s_1_bs_16_cl_5_lp_avg_gp_avg_sd_05_fcd_05_XR_HAND
4	4	0.6309031844139099	0.660747766494751	0.001	0.684901237487793	0.6555773019790649	0.6465572714805603	0.7146188616752625	CNN	False	7	max	max	XR_FINGER	CNN_da_0_ts_224_224_t_0_s_1_bs_16_cl_7_lp_max_gp_max_sd_05_fcd_05_XR_FINGER
9	9	0.6150850057601929	0.6560209393501282	0.001	0.6614769101142883	0.625815212726593	0.6550047397613525	0.6698915362358093	CNN	False	5	avg	avg	all_classes	CNN_da_0_ts_224_224_t_0_s_1_bs_8_cl_5_kg_funnel_in_fg_constant_lp_avg_gp_avg_sd_05_fcd_05_all_classes
3	3	0.5388776063919067	0.7690970301628113	0.001	0.5510775446891785	0.6214575171470642	0.6731159687042236	0.6684280633926392	CNN	False	7	max	max	XR_ELBOW	CNN_da_0_ts_224_224_t_0_s_1_bs_16_cl_7_lp_max_gp_max_sd_05_fcd_05_XR_ELBOW
5	5	0.5657734274864197	0.8370617032051086	0.001	0.5806477069854736	0.6612021923065186	0.6836475729942322	0.6546328067779541	CNN	False	7	max	max	XR_FOREARM	CNN_da_0_ts_224_224_t_0_s_1_bs_16_cl_7_lp_max_gp_max_sd_05_fcd_05_XR_FOREARM
2	2	0.5894977450370789	0.6876169443130493	0.001	0.6227636337280273	0.5829917788505554	0.6764806509017944	0.6320345997810364	CNN	False	5	avg	avg	XR_WRIST	CNN_da_0_ts_224_224_t_0_s_1_bs_16_cl_5_lp_avg_gp_avg_sd_05_fcd_05_XR_WRIST
3	3	0.4930070042610169	1.1453639268875122	0.001	0.4969703853130341	0.6015625	0.7250340580940247	0.601776123046875	CNN	False	7	max	max	XR_HUMERUS	CNN_da_0_ts_224_224_t_0_s_1_bs_16_cl_7_lp_max_gp_max_sd_05_fcd_05_XR_HUMERUS
6	6	0.5127967000007629	0.7156784534454346	0.001	0.5192601680755615	0.5441527366638184	0.7040658593177795	0.5950388908386229	CNN	False	7	max	max	XR_SHOULDER	CNN_da_0_ts_224_224_t_0_s_1_bs_16_cl_7_lp_max_gp_max_sd_05_fcd_05_XR_SHOULDER
